structure,operation,n,m,avg_time_ns,metric,metric_total
DynamicArray,insert_front,100,1000,34980,accesses+moves,602420
DynamicArray,remove_front,100,100,1240,accesses+moves,5050
LinkedList,insert_front,100,1000,6320,accesses+moves,1000
LinkedList,remove_front,100,100,320,accesses+moves,200
DynamicArray,insert_middle,100,1000,21380,accesses+moves,302920
DynamicArray,remove_middle,100,100,880,accesses+moves,2550
LinkedList,insert_middle,100,1000,259260,accesses+moves,301500
LinkedList,remove_middle,100,100,1620,accesses+moves,2700
DynamicArray,insert_front,1000,1000,54560,accesses+moves,1501524
DynamicArray,remove_front,1000,1000,34180,accesses+moves,500500
LinkedList,insert_front,1000,1000,7840,accesses+moves,1000
LinkedList,remove_front,1000,1000,2840,accesses+moves,2000
DynamicArray,insert_middle,1000,1000,30500,accesses+moves,752024
DynamicArray,remove_middle,1000,1000,20920,accesses+moves,250500
LinkedList,insert_middle,1000,1000,668080,accesses+moves,751500
LinkedList,remove_middle,1000,1000,204660,accesses+moves,252000
DynamicArray,insert_front,10000,1000,428660,accesses+moves,10500500
DynamicArray,remove_front,10000,1000,624880,accesses+moves,9500500
LinkedList,insert_front,10000,1000,7180,accesses+moves,1000
LinkedList,remove_front,10000,1000,3360,accesses+moves,2000
DynamicArray,insert_middle,10000,1000,226280,accesses+moves,5251000
DynamicArray,remove_middle,10000,1000,342900,accesses+moves,4750500
LinkedList,insert_middle,10000,1000,4751720,accesses+moves,5251500
LinkedList,remove_middle,10000,1000,4199760,accesses+moves,4752000
DynamicArray,insert_front,100000,1000,4396020,accesses+moves,100500500
DynamicArray,remove_front,100000,1000,6269220,accesses+moves,99500500
LinkedList,insert_front,100000,1000,4780,accesses+moves,1000
LinkedList,remove_front,100000,1000,3420,accesses+moves,2000
DynamicArray,insert_middle,100000,1000,2151260,accesses+moves,50251000
DynamicArray,remove_middle,100000,1000,3107200,accesses+moves,49750500
LinkedList,insert_middle,100000,1000,44794500,accesses+moves,50251500
LinkedList,remove_middle,100000,1000,43744540,accesses+moves,49752000
